{
  "version": 1,
  "author": "Anonymous maker",
  "editor": "wokwi",
  "parts": [
    {
      "type": "wokwi-esp32-devkit-v1",
      "id": "esp",
      "top": 0,
      "left": 0,
      "attrs": { "builder": "esp-idf" }
    },
    { "type": "wokwi-potentiometer", "id": "pot1", "top": -78.1, "left": -96.2, "attrs": {} },
    {
      "type": "wokwi-led",
      "id": "led1",
      "top": -51.6,
      "left": 253.4,
      "attrs": { "color": "yellow" }
    },
    {
      "type": "wokwi-led",
      "id": "led2",
      "top": -51.6,
      "left": 215,
      "attrs": { "color": "green" }
    },
    {
      "type": "wokwi-led",
      "id": "led3",
      "top": -51.6,
      "left": 176.6,
      "attrs": { "color": "red" }
    },
    {
      "type": "wokwi-led",
      "id": "led4",
      "top": -51.6,
      "left": 291.8,
      "attrs": { "color": "white" }
    },
    {
      "type": "wokwi-resistor",
      "id": "r1",
      "top": 33.6,
      "left": 210.65,
      "rotate": 90,
      "attrs": { "value": "510" }
    },
    {
      "type": "wokwi-resistor",
      "id": "r2",
      "top": 33.6,
      "left": 172.25,
      "rotate": 90,
      "attrs": { "value": "510" }
    },
    {
      "type": "wokwi-resistor",
      "id": "r3",
      "top": 33.6,
      "left": 249.05,
      "rotate": 90,
      "attrs": { "value": "510" }
    },
    {
      "type": "wokwi-resistor",
      "id": "r4",
      "top": 33.6,
      "left": 287.45,
      "rotate": 90,
      "attrs": { "value": "510" }
    },
    {
      "type": "wokwi-buzzer",
      "id": "bz1",
      "top": -84,
      "left": -180.6,
      "attrs": { "volume": "0.1" }
    }
  ],
  "connections": [
    [ "esp:TX0", "$serialMonitor:RX", "", [] ],
    [ "esp:RX0", "$serialMonitor:TX", "", [] ],
    [ "pot1:GND", "esp:GND.2", "black", [ "v0" ] ],
    [ "pot1:SIG", "esp:VP", "green", [ "v0" ] ],
    [ "pot1:VCC", "esp:3V3", "red", [ "v0" ] ],
    [ "esp:GND.1", "led3:C", "black", [ "h0" ] ],
    [ "esp:GND.1", "led2:C", "black", [ "h0" ] ],
    [ "esp:GND.1", "led1:C", "black", [ "h0" ] ],
    [ "esp:GND.1", "led4:C", "black", [ "h0" ] ],
    [ "led3:A", "r2:1", "green", [ "v0" ] ],
    [ "led2:A", "r1:1", "green", [ "v0" ] ],
    [ "led1:A", "r3:1", "green", [ "v0" ] ],
    [ "led4:A", "r4:1", "green", [ "v0" ] ],
    [ "esp:D2", "r2:2", "green", [ "h0" ] ],
    [ "esp:D4", "r1:2", "green", [ "h0" ] ],
    [ "esp:D5", "r3:2", "green", [ "h0" ] ],
    [ "esp:D18", "r4:2", "green", [ "h42.7", "v23.9", "h163.2" ] ],
    [ "bz1:1", "esp:D19", "green", [ "v0" ] ],
    [ "esp:GND.2", "bz1:2", "black", [ "h0" ] ]
  ],
  "dependencies": {}
}